seth meyers,"/saturday-night-live/cast/seth-meyers-15366",27
seth meyers,"/saturday-night-live/cast/seth-meyers-15366",28
seth meyers,"/saturday-night-live/cast/seth-meyers-15366",29
seth meyers,"/saturday-night-live/cast/seth-meyers-15366",30
seth meyers,"/saturday-night-live/cast/seth-meyers-15366",31
seth meyers,"/saturday-night-live/cast/seth-meyers-15366",32
seth meyers,"/saturday-night-live/cast/seth-meyers-15366",33
seth meyers,"/saturday-night-live/cast/seth-meyers-15366",34
seth meyers,"/saturday-night-live/cast/seth-meyers-15366",35
seth meyers,"/saturday-night-live/cast/seth-meyers-15366",36
seth meyers,"/saturday-night-live/cast/seth-meyers-15366",37
seth meyers,"/saturday-night-live/cast/seth-meyers-15366",38
seth meyers,"/saturday-night-live/cast/seth-meyers-15366",39
phil hartman,"/saturday-night-live/cast/phil-hartman-15351",12
phil hartman,"/saturday-night-live/cast/phil-hartman-15351",13
phil hartman,"/saturday-night-live/cast/phil-hartman-15351",14
phil hartman,"/saturday-night-live/cast/phil-hartman-15351",15
phil hartman,"/saturday-night-live/cast/phil-hartman-15351",16
phil hartman,"/saturday-night-live/cast/phil-hartman-15351",17
phil hartman,"/saturday-night-live/cast/phil-hartman-15351",18
phil hartman,"/saturday-night-live/cast/phil-hartman-15351",19
beck bennett,"/saturday-night-live/cast/beck-bennett-15166",39
beck bennett,"/saturday-night-live/cast/beck-bennett-15166",40
victoria jackson,"/saturday-night-live/cast/victoria-jackson-15176",12
victoria jackson,"/saturday-night-live/cast/victoria-jackson-15176",13
victoria jackson,"/saturday-night-live/cast/victoria-jackson-15176",14
victoria jackson,"/saturday-night-live/cast/victoria-jackson-15176",15
victoria jackson,"/saturday-night-live/cast/victoria-jackson-15176",16
victoria jackson,"/saturday-night-live/cast/victoria-jackson-15176",17
george coe,"/saturday-night-live/cast/george-coe-15161",1
rob schneider,"/saturday-night-live/cast/rob-schneider-15281",16
rob schneider,"/saturday-night-live/cast/rob-schneider-15281",17
rob schneider,"/saturday-night-live/cast/rob-schneider-15281",18
rob schneider,"/saturday-night-live/cast/rob-schneider-15281",19
michaela watkins,"/saturday-night-live/cast/michaela-watkins-14986",34
fred wolf,"/saturday-night-live/cast/fred-wolf-15106",21
fred wolf,"/saturday-night-live/cast/fred-wolf-15106",22
julia louis dreyfus,"/saturday-night-live/cast/julia-louis-dreyfus-15031",8
julia louis dreyfus,"/saturday-night-live/cast/julia-louis-dreyfus-15031",9
julia louis dreyfus,"/saturday-night-live/cast/julia-louis-dreyfus-15031",10
joe piscopo,"/saturday-night-live/cast/joe-piscopo-14966",6
joe piscopo,"/saturday-night-live/cast/joe-piscopo-14966",7
joe piscopo,"/saturday-night-live/cast/joe-piscopo-14966",8
joe piscopo,"/saturday-night-live/cast/joe-piscopo-14966",9
dan vitale,"/saturday-night-live/cast/dan-vitale-14866",11
chris farley,"/saturday-night-live/cast/chris-farley-15456",16
chris farley,"/saturday-night-live/cast/chris-farley-15456",17
chris farley,"/saturday-night-live/cast/chris-farley-15456",18
chris farley,"/saturday-night-live/cast/chris-farley-15456",19
chris farley,"/saturday-night-live/cast/chris-farley-15456",20
jim belushi,"/saturday-night-live/cast/jim-belushi-14891",9
jim belushi,"/saturday-night-live/cast/jim-belushi-14891",10
gary kroeger,"/saturday-night-live/cast/gary-kroeger-15151",8
gary kroeger,"/saturday-night-live/cast/gary-kroeger-15151",9
gary kroeger,"/saturday-night-live/cast/gary-kroeger-15151",10
eddie murphy,"/saturday-night-live/cast/eddie-murphy-15071",6
eddie murphy,"/saturday-night-live/cast/eddie-murphy-15071",7
eddie murphy,"/saturday-night-live/cast/eddie-murphy-15071",8
eddie murphy,"/saturday-night-live/cast/eddie-murphy-15071",9
jay pharoah,"/saturday-night-live/cast/jay-pharoah-14851",36
jay pharoah,"/saturday-night-live/cast/jay-pharoah-14851",37
jay pharoah,"/saturday-night-live/cast/jay-pharoah-14851",38
jay pharoah,"/saturday-night-live/cast/jay-pharoah-14851",39
jay pharoah,"/saturday-night-live/cast/jay-pharoah-14851",40
yvonne hudson,"/saturday-night-live/cast/yvonne-hudson-15111",6
john milhiser,"/saturday-night-live/cast/john-milhiser-14991",39
dennis miller,"/saturday-night-live/cast/dennis-miller-15021",11
dennis miller,"/saturday-night-live/cast/dennis-miller-15021",12
dennis miller,"/saturday-night-live/cast/dennis-miller-15021",13
dennis miller,"/saturday-night-live/cast/dennis-miller-15021",14
dennis miller,"/saturday-night-live/cast/dennis-miller-15021",15
dennis miller,"/saturday-night-live/cast/dennis-miller-15021",16
brian doyle murray,"/saturday-night-live/cast/brian-doyle-murray-15371",5
brian doyle murray,"/saturday-night-live/cast/brian-doyle-murray-15371",7
chris rock,"/saturday-night-live/cast/chris-rock-14736",16
chris rock,"/saturday-night-live/cast/chris-rock-14736",17
chris rock,"/saturday-night-live/cast/chris-rock-14736",18
dan aykroyd,"/saturday-night-live/cast/dan-aykroyd-14846",1
dan aykroyd,"/saturday-night-live/cast/dan-aykroyd-14846",2
dan aykroyd,"/saturday-night-live/cast/dan-aykroyd-14846",3
dan aykroyd,"/saturday-night-live/cast/dan-aykroyd-14846",4
amy poehler,"/saturday-night-live/cast/amy-poehler-14841",27
amy poehler,"/saturday-night-live/cast/amy-poehler-14841",28
amy poehler,"/saturday-night-live/cast/amy-poehler-14841",29
amy poehler,"/saturday-night-live/cast/amy-poehler-14841",30
amy poehler,"/saturday-night-live/cast/amy-poehler-14841",31
amy poehler,"/saturday-night-live/cast/amy-poehler-14841",32
amy poehler,"/saturday-night-live/cast/amy-poehler-14841",33
amy poehler,"/saturday-night-live/cast/amy-poehler-14841",34
patrick weathers,"/saturday-night-live/cast/patrick-weathers-15241",6
randy quaid,"/saturday-night-live/cast/randy-quaid-15386",11
adam sandler,"/saturday-night-live/cast/adam-sandler-14726",16
adam sandler,"/saturday-night-live/cast/adam-sandler-14726",17
adam sandler,"/saturday-night-live/cast/adam-sandler-14726",18
adam sandler,"/saturday-night-live/cast/adam-sandler-14726",19
adam sandler,"/saturday-night-live/cast/adam-sandler-14726",20
jon lovitz,"/saturday-night-live/cast/jon-lovitz-15001",11
jon lovitz,"/saturday-night-live/cast/jon-lovitz-15001",12
jon lovitz,"/saturday-night-live/cast/jon-lovitz-15001",13
jon lovitz,"/saturday-night-live/cast/jon-lovitz-15001",14
jon lovitz,"/saturday-night-live/cast/jon-lovitz-15001",15
tracy morgan,"/saturday-night-live/cast/tracy-morgan-15201",22
tracy morgan,"/saturday-night-live/cast/tracy-morgan-15201",23
tracy morgan,"/saturday-night-live/cast/tracy-morgan-15201",24
tracy morgan,"/saturday-night-live/cast/tracy-morgan-15201",25
tracy morgan,"/saturday-night-live/cast/tracy-morgan-15201",26
tracy morgan,"/saturday-night-live/cast/tracy-morgan-15201",27
tracy morgan,"/saturday-night-live/cast/tracy-morgan-15201",28
darrell hammond,"/saturday-night-live/cast/darrell-hammond-14921",21
darrell hammond,"/saturday-night-live/cast/darrell-hammond-14921",22
darrell hammond,"/saturday-night-live/cast/darrell-hammond-14921",23
darrell hammond,"/saturday-night-live/cast/darrell-hammond-14921",24
darrell hammond,"/saturday-night-live/cast/darrell-hammond-14921",25
darrell hammond,"/saturday-night-live/cast/darrell-hammond-14921",26
darrell hammond,"/saturday-night-live/cast/darrell-hammond-14921",27
darrell hammond,"/saturday-night-live/cast/darrell-hammond-14921",28
darrell hammond,"/saturday-night-live/cast/darrell-hammond-14921",29
darrell hammond,"/saturday-night-live/cast/darrell-hammond-14921",30
darrell hammond,"/saturday-night-live/cast/darrell-hammond-14921",31
darrell hammond,"/saturday-night-live/cast/darrell-hammond-14921",32
darrell hammond,"/saturday-night-live/cast/darrell-hammond-14921",33
darrell hammond,"/saturday-night-live/cast/darrell-hammond-14921",34
gilbert gottfried,"/saturday-night-live/cast/gilbert-gottfried-15186",6
ellen cleghorne,"/saturday-night-live/cast/ellen-cleghorne-15076",17
ellen cleghorne,"/saturday-night-live/cast/ellen-cleghorne-15076",18
ellen cleghorne,"/saturday-night-live/cast/ellen-cleghorne-15076",19
ellen cleghorne,"/saturday-night-live/cast/ellen-cleghorne-15076",20
david koechner,"/saturday-night-live/cast/david-koechner-14946",21
terry sweeney,"/saturday-night-live/cast/terry-sweeney-15326",11
john belushi,"/saturday-night-live/cast/john-belushi-14976",1
john belushi,"/saturday-night-live/cast/john-belushi-14976",2
john belushi,"/saturday-night-live/cast/john-belushi-14976",3
john belushi,"/saturday-night-live/cast/john-belushi-14976",4
robert downey jr,"/saturday-night-live/cast/robert-downey-jr-15301",11
david spade,"/saturday-night-live/cast/david-spade-14961",16
david spade,"/saturday-night-live/cast/david-spade-14961",17
david spade,"/saturday-night-live/cast/david-spade-14961",18
david spade,"/saturday-night-live/cast/david-spade-14961",19
david spade,"/saturday-night-live/cast/david-spade-14961",20
david spade,"/saturday-night-live/cast/david-spade-14961",21
tim kazurinsky,"/saturday-night-live/cast/tim-kazurinsky-15306",6
tim kazurinsky,"/saturday-night-live/cast/tim-kazurinsky-15306",7
tim kazurinsky,"/saturday-night-live/cast/tim-kazurinsky-15306",8
tim kazurinsky,"/saturday-night-live/cast/tim-kazurinsky-15306",9
andy samberg,"/saturday-night-live/cast/andy-samberg-15011",31
andy samberg,"/saturday-night-live/cast/andy-samberg-15011",32
andy samberg,"/saturday-night-live/cast/andy-samberg-15011",33
andy samberg,"/saturday-night-live/cast/andy-samberg-15011",34
andy samberg,"/saturday-night-live/cast/andy-samberg-15011",35
andy samberg,"/saturday-night-live/cast/andy-samberg-15011",36
andy samberg,"/saturday-night-live/cast/andy-samberg-15011",37
pete davidson,"/saturday-night-live/cast/pete-davidson-15491",40
joan cusack,"/saturday-night-live/cast/joan-cusack-14941",11
jason sudeikis,"/saturday-night-live/cast/jason-sudeikis-14816",30
jason sudeikis,"/saturday-night-live/cast/jason-sudeikis-14816",31
jason sudeikis,"/saturday-night-live/cast/jason-sudeikis-14816",32
jason sudeikis,"/saturday-night-live/cast/jason-sudeikis-14816",33
jason sudeikis,"/saturday-night-live/cast/jason-sudeikis-14816",34
jason sudeikis,"/saturday-night-live/cast/jason-sudeikis-14816",35
jason sudeikis,"/saturday-night-live/cast/jason-sudeikis-14816",36
jason sudeikis,"/saturday-night-live/cast/jason-sudeikis-14816",37
jason sudeikis,"/saturday-night-live/cast/jason-sudeikis-14816",38
paul shaffer,"/saturday-night-live/cast/paul-shaffer-15286",5
matthew laurance,"/saturday-night-live/cast/matthew-laurance-14881",6
beth cahill,"/saturday-night-live/cast/beth-cahill-15206",17
jimmy fallon,"/saturday-night-live/cast/jimmy-fallon-14931",24
jimmy fallon,"/saturday-night-live/cast/jimmy-fallon-14931",25
jimmy fallon,"/saturday-night-live/cast/jimmy-fallon-14931",26
jimmy fallon,"/saturday-night-live/cast/jimmy-fallon-14931",27
jimmy fallon,"/saturday-night-live/cast/jimmy-fallon-14931",28
jimmy fallon,"/saturday-night-live/cast/jimmy-fallon-14931",29
jenny slate,"/saturday-night-live/cast/jenny-slate-14871",35
brooks wheelan,"/saturday-night-live/cast/brooks-wheelan-15396",39
casey wilson,"/saturday-night-live/cast/casey-wilson-15426",33
casey wilson,"/saturday-night-live/cast/casey-wilson-15426",34
pamela stephenson,"/saturday-night-live/cast/pamela-stephenson-15216",10
mike myers,"/saturday-night-live/cast/mike-myers-15006",14
mike myers,"/saturday-night-live/cast/mike-myers-15006",15
mike myers,"/saturday-night-live/cast/mike-myers-15006",16
mike myers,"/saturday-night-live/cast/mike-myers-15006",17
mike myers,"/saturday-night-live/cast/mike-myers-15006",18
mike myers,"/saturday-night-live/cast/mike-myers-15006",19
mike myers,"/saturday-night-live/cast/mike-myers-15006",20
alan zweibel,"/saturday-night-live/cast/alan-zweibel-14821",5
anthony michael hall,"/saturday-night-live/cast/anthony-michael-hall-15146",11
billy crystal,"/saturday-night-live/cast/billy-crystal-15271",10
chris kattan,"/saturday-night-live/cast/chris-kattan-14686",21
chris kattan,"/saturday-night-live/cast/chris-kattan-14686",22
chris kattan,"/saturday-night-live/cast/chris-kattan-14686",23
chris kattan,"/saturday-night-live/cast/chris-kattan-14686",24
chris kattan,"/saturday-night-live/cast/chris-kattan-14686",25
chris kattan,"/saturday-night-live/cast/chris-kattan-14686",26
chris kattan,"/saturday-night-live/cast/chris-kattan-14686",27
chris kattan,"/saturday-night-live/cast/chris-kattan-14686",28
siobhan fallon,"/saturday-night-live/cast/siobhan-fallon-15391",17
robert smigel,"/saturday-night-live/cast/robert-smigel-15321",17
robert smigel,"/saturday-night-live/cast/robert-smigel-15321",18
jane curtin,"/saturday-night-live/cast/jane-curtin-14781",1
jane curtin,"/saturday-night-live/cast/jane-curtin-14781",2
jane curtin,"/saturday-night-live/cast/jane-curtin-14781",3
jane curtin,"/saturday-night-live/cast/jane-curtin-14781",4
jane curtin,"/saturday-night-live/cast/jane-curtin-14781",5
christine ebersole,"/saturday-night-live/cast/christine-ebersole-14756",7
jay mohr,"/saturday-night-live/cast/jay-mohr-14826",19
jay mohr,"/saturday-night-live/cast/jay-mohr-14826",20
will forte,"/saturday-night-live/cast/will-forte-15126",28
will forte,"/saturday-night-live/cast/will-forte-15126",29
will forte,"/saturday-night-live/cast/will-forte-15126",30
will forte,"/saturday-night-live/cast/will-forte-15126",31
will forte,"/saturday-night-live/cast/will-forte-15126",32
will forte,"/saturday-night-live/cast/will-forte-15126",33
will forte,"/saturday-night-live/cast/will-forte-15126",34
will forte,"/saturday-night-live/cast/will-forte-15126",35
maya rudolph,"/saturday-night-live/cast/maya-rudolph-14896",25
maya rudolph,"/saturday-night-live/cast/maya-rudolph-14896",26
maya rudolph,"/saturday-night-live/cast/maya-rudolph-14896",27
maya rudolph,"/saturday-night-live/cast/maya-rudolph-14896",28
maya rudolph,"/saturday-night-live/cast/maya-rudolph-14896",29
maya rudolph,"/saturday-night-live/cast/maya-rudolph-14896",30
maya rudolph,"/saturday-night-live/cast/maya-rudolph-14896",31
maya rudolph,"/saturday-night-live/cast/maya-rudolph-14896",32
maya rudolph,"/saturday-night-live/cast/maya-rudolph-14896",33
paul brittain,"/saturday-night-live/cast/paul-brittain-15261",36
paul brittain,"/saturday-night-live/cast/paul-brittain-15261",37
molly shannon,"/saturday-night-live/cast/molly-shannon-15051",20
molly shannon,"/saturday-night-live/cast/molly-shannon-15051",21
molly shannon,"/saturday-night-live/cast/molly-shannon-15051",22
molly shannon,"/saturday-night-live/cast/molly-shannon-15051",23
molly shannon,"/saturday-night-live/cast/molly-shannon-15051",24
molly shannon,"/saturday-night-live/cast/molly-shannon-15051",25
molly shannon,"/saturday-night-live/cast/molly-shannon-15051",26
will ferrell,"/saturday-night-live/cast/will-ferrell-15141",21
will ferrell,"/saturday-night-live/cast/will-ferrell-15141",22
will ferrell,"/saturday-night-live/cast/will-ferrell-15141",23
will ferrell,"/saturday-night-live/cast/will-ferrell-15141",24
will ferrell,"/saturday-night-live/cast/will-ferrell-15141",25
will ferrell,"/saturday-night-live/cast/will-ferrell-15141",26
will ferrell,"/saturday-night-live/cast/will-ferrell-15141",27
al franken,"/saturday-night-live/cast/al-franken-14791",3
al franken,"/saturday-night-live/cast/al-franken-14791",4
al franken,"/saturday-night-live/cast/al-franken-14791",5
al franken,"/saturday-night-live/cast/al-franken-14791",11
al franken,"/saturday-night-live/cast/al-franken-14791",13
al franken,"/saturday-night-live/cast/al-franken-14791",14
al franken,"/saturday-night-live/cast/al-franken-14791",15
al franken,"/saturday-night-live/cast/al-franken-14791",16
al franken,"/saturday-night-live/cast/al-franken-14791",17
al franken,"/saturday-night-live/cast/al-franken-14791",18
al franken,"/saturday-night-live/cast/al-franken-14791",19
al franken,"/saturday-night-live/cast/al-franken-14791",20
kevin nealon,"/saturday-night-live/cast/kevin-nealon-15096",12
kevin nealon,"/saturday-night-live/cast/kevin-nealon-15096",13
kevin nealon,"/saturday-night-live/cast/kevin-nealon-15096",14
kevin nealon,"/saturday-night-live/cast/kevin-nealon-15096",15
kevin nealon,"/saturday-night-live/cast/kevin-nealon-15096",16
kevin nealon,"/saturday-night-live/cast/kevin-nealon-15096",17
kevin nealon,"/saturday-night-live/cast/kevin-nealon-15096",18
kevin nealon,"/saturday-night-live/cast/kevin-nealon-15096",19
kevin nealon,"/saturday-night-live/cast/kevin-nealon-15096",20
kate mckinnon,"/saturday-night-live/cast/kate-mckinnon-15056",37
kate mckinnon,"/saturday-night-live/cast/kate-mckinnon-15056",38
kate mckinnon,"/saturday-night-live/cast/kate-mckinnon-15056",39
kate mckinnon,"/saturday-night-live/cast/kate-mckinnon-15056",40
ann risley,"/saturday-night-live/cast/ann-risley-15036",6
michael che,"/saturday-night-live/cast/michael-che-15486",40
morwenna banks,"/saturday-night-live/cast/morwenna-banks-15066",20
peter aykroyd,"/saturday-night-live/cast/peter-aykroyd-15331",5
chris parnell,"/saturday-night-live/cast/chris-parnell-14696",24
chris parnell,"/saturday-night-live/cast/chris-parnell-14696",25
chris parnell,"/saturday-night-live/cast/chris-parnell-14696",26
chris parnell,"/saturday-night-live/cast/chris-parnell-14696",27
chris parnell,"/saturday-night-live/cast/chris-parnell-14696",28
chris parnell,"/saturday-night-live/cast/chris-parnell-14696",29
chris parnell,"/saturday-night-live/cast/chris-parnell-14696",30
chris parnell,"/saturday-night-live/cast/chris-parnell-14696",31
janeane garofalo,"/saturday-night-live/cast/janeane-garofalo-14801",20
finesse mitchell,"/saturday-night-live/cast/finesse-mitchell-15091",29
finesse mitchell,"/saturday-night-live/cast/finesse-mitchell-15091",30
finesse mitchell,"/saturday-night-live/cast/finesse-mitchell-15091",31
sarah silverman,"/saturday-night-live/cast/sarah-silverman-15401",19
jeff richards,"/saturday-night-live/cast/jeff-richards-14861",27
jeff richards,"/saturday-night-live/cast/jeff-richards-14861",28
jeff richards,"/saturday-night-live/cast/jeff-richards-14861",29
danitra vance,"/saturday-night-live/cast/danitra-vance-14906",11
bill hader,"/saturday-night-live/cast/bill-hader-15226",31
bill hader,"/saturday-night-live/cast/bill-hader-15226",32
bill hader,"/saturday-night-live/cast/bill-hader-15226",33
bill hader,"/saturday-night-live/cast/bill-hader-15226",34
bill hader,"/saturday-night-live/cast/bill-hader-15226",35
bill hader,"/saturday-night-live/cast/bill-hader-15226",36
bill hader,"/saturday-night-live/cast/bill-hader-15226",37
bill hader,"/saturday-night-live/cast/bill-hader-15226",38
tom davis,"/saturday-night-live/cast/tom-davis-15246",3
tom davis,"/saturday-night-live/cast/tom-davis-15246",4
tom davis,"/saturday-night-live/cast/tom-davis-15246",5
gail matthius,"/saturday-night-live/cast/gail-matthius-15116",6
melanie hutsell,"/saturday-night-live/cast/melanie-hutsell-14916",17
melanie hutsell,"/saturday-night-live/cast/melanie-hutsell-14916",18
melanie hutsell,"/saturday-night-live/cast/melanie-hutsell-14916",19
ben stiller,"/saturday-night-live/cast/ben-stiller-15191",14
laurie metcalf,"/saturday-night-live/cast/laurie-metcalf-14746",6
harry shearer,"/saturday-night-live/cast/harry-shearer-14711",5
harry shearer,"/saturday-night-live/cast/harry-shearer-14711",10
nancy walls,"/saturday-night-live/cast/nancy-walls-15121",21
rachel dratch,"/saturday-night-live/cast/rachel-dratch-15376",25
rachel dratch,"/saturday-night-live/cast/rachel-dratch-15376",26
rachel dratch,"/saturday-night-live/cast/rachel-dratch-15376",27
rachel dratch,"/saturday-night-live/cast/rachel-dratch-15376",28
rachel dratch,"/saturday-night-live/cast/rachel-dratch-15376",29
rachel dratch,"/saturday-night-live/cast/rachel-dratch-15376",30
rachel dratch,"/saturday-night-live/cast/rachel-dratch-15376",31
colin quinn,"/saturday-night-live/cast/colin-quinn-14811",21
colin quinn,"/saturday-night-live/cast/colin-quinn-14811",22
colin quinn,"/saturday-night-live/cast/colin-quinn-14811",23
colin quinn,"/saturday-night-live/cast/colin-quinn-14811",24
colin quinn,"/saturday-night-live/cast/colin-quinn-14811",25
michael mckean,"/saturday-night-live/cast/michael-mckean-14936",19
michael mckean,"/saturday-night-live/cast/michael-mckean-14936",20
rob riggle,"/saturday-night-live/cast/rob-riggle-15251",30
martin short,"/saturday-night-live/cast/martin-short-14806",10
chris elliott,"/saturday-night-live/cast/chris-elliott-15451",20
julia sweeney,"/saturday-night-live/cast/julia-sweeney-15046",16
julia sweeney,"/saturday-night-live/cast/julia-sweeney-15046",17
julia sweeney,"/saturday-night-live/cast/julia-sweeney-15046",18
julia sweeney,"/saturday-night-live/cast/julia-sweeney-15046",19
fred armisen,"/saturday-night-live/cast/fred-armisen-15101",28
fred armisen,"/saturday-night-live/cast/fred-armisen-15101",29
fred armisen,"/saturday-night-live/cast/fred-armisen-15101",30
fred armisen,"/saturday-night-live/cast/fred-armisen-15101",31
fred armisen,"/saturday-night-live/cast/fred-armisen-15101",32
fred armisen,"/saturday-night-live/cast/fred-armisen-15101",33
fred armisen,"/saturday-night-live/cast/fred-armisen-15101",34
fred armisen,"/saturday-night-live/cast/fred-armisen-15101",35
fred armisen,"/saturday-night-live/cast/fred-armisen-15101",36
fred armisen,"/saturday-night-live/cast/fred-armisen-15101",37
fred armisen,"/saturday-night-live/cast/fred-armisen-15101",38
vanessa bayer,"/saturday-night-live/cast/vanessa-bayer-15181",36
vanessa bayer,"/saturday-night-live/cast/vanessa-bayer-15181",37
vanessa bayer,"/saturday-night-live/cast/vanessa-bayer-15181",38
vanessa bayer,"/saturday-night-live/cast/vanessa-bayer-15181",39
vanessa bayer,"/saturday-night-live/cast/vanessa-bayer-15181",40
gilda radner,"/saturday-night-live/cast/gilda-radner-14676",1
gilda radner,"/saturday-night-live/cast/gilda-radner-14676",2
gilda radner,"/saturday-night-live/cast/gilda-radner-14676",3
gilda radner,"/saturday-night-live/cast/gilda-radner-14676",4
gilda radner,"/saturday-night-live/cast/gilda-radner-14676",5
tim robinson,"/saturday-night-live/cast/tim-robinson-15276",38
jerry minor,"/saturday-night-live/cast/jerry-minor-14876",26
tom schiller,"/saturday-night-live/cast/tom-schiller-15221",5
kenan thompson,"/saturday-night-live/cast/kenan-thompson-15086",29
kenan thompson,"/saturday-night-live/cast/kenan-thompson-15086",30
kenan thompson,"/saturday-night-live/cast/kenan-thompson-15086",31
kenan thompson,"/saturday-night-live/cast/kenan-thompson-15086",32
kenan thompson,"/saturday-night-live/cast/kenan-thompson-15086",33
kenan thompson,"/saturday-night-live/cast/kenan-thompson-15086",34
kenan thompson,"/saturday-night-live/cast/kenan-thompson-15086",35
kenan thompson,"/saturday-night-live/cast/kenan-thompson-15086",36
kenan thompson,"/saturday-night-live/cast/kenan-thompson-15086",37
kenan thompson,"/saturday-night-live/cast/kenan-thompson-15086",38
kenan thompson,"/saturday-night-live/cast/kenan-thompson-15086",39
kenan thompson,"/saturday-night-live/cast/kenan-thompson-15086",40
laraine newman,"/saturday-night-live/cast/laraine-newman-14716",1
laraine newman,"/saturday-night-live/cast/laraine-newman-14716",2
laraine newman,"/saturday-night-live/cast/laraine-newman-14716",3
laraine newman,"/saturday-night-live/cast/laraine-newman-14716",4
laraine newman,"/saturday-night-live/cast/laraine-newman-14716",5
michael odonoghue,"/saturday-night-live/cast/michael-odonoghue-14956",1
bobby moynihan,"/saturday-night-live/cast/bobby-moynihan-15336",34
bobby moynihan,"/saturday-night-live/cast/bobby-moynihan-15336",35
bobby moynihan,"/saturday-night-live/cast/bobby-moynihan-15336",36
bobby moynihan,"/saturday-night-live/cast/bobby-moynihan-15336",37
bobby moynihan,"/saturday-night-live/cast/bobby-moynihan-15336",38
bobby moynihan,"/saturday-night-live/cast/bobby-moynihan-15336",39
bobby moynihan,"/saturday-night-live/cast/bobby-moynihan-15336",40
christopher guest,"/saturday-night-live/cast/christopher-guest-14776",10
horatio sanz,"/saturday-night-live/cast/horatio-sanz-14751",24
horatio sanz,"/saturday-night-live/cast/horatio-sanz-14751",25
horatio sanz,"/saturday-night-live/cast/horatio-sanz-14751",26
horatio sanz,"/saturday-night-live/cast/horatio-sanz-14751",27
horatio sanz,"/saturday-night-live/cast/horatio-sanz-14751",28
horatio sanz,"/saturday-night-live/cast/horatio-sanz-14751",29
horatio sanz,"/saturday-night-live/cast/horatio-sanz-14751",30
horatio sanz,"/saturday-night-live/cast/horatio-sanz-14751",31
norm macdonald,"/saturday-night-live/cast/norm-macdonald-15196",19
norm macdonald,"/saturday-night-live/cast/norm-macdonald-15196",20
norm macdonald,"/saturday-night-live/cast/norm-macdonald-15196",21
norm macdonald,"/saturday-night-live/cast/norm-macdonald-15196",22
norm macdonald,"/saturday-night-live/cast/norm-macdonald-15196",23
dana carvey,"/saturday-night-live/cast/dana-carvey-14886",12
dana carvey,"/saturday-night-live/cast/dana-carvey-14886",13
dana carvey,"/saturday-night-live/cast/dana-carvey-14886",14
dana carvey,"/saturday-night-live/cast/dana-carvey-14886",15
dana carvey,"/saturday-night-live/cast/dana-carvey-14886",16
dana carvey,"/saturday-night-live/cast/dana-carvey-14886",17
dana carvey,"/saturday-night-live/cast/dana-carvey-14886",18
tim meadows,"/saturday-night-live/cast/tim-meadows-15291",16
tim meadows,"/saturday-night-live/cast/tim-meadows-15291",17
tim meadows,"/saturday-night-live/cast/tim-meadows-15291",18
tim meadows,"/saturday-night-live/cast/tim-meadows-15291",19
tim meadows,"/saturday-night-live/cast/tim-meadows-15291",20
tim meadows,"/saturday-night-live/cast/tim-meadows-15291",21
tim meadows,"/saturday-night-live/cast/tim-meadows-15291",22
tim meadows,"/saturday-night-live/cast/tim-meadows-15291",23
tim meadows,"/saturday-night-live/cast/tim-meadows-15291",24
tim meadows,"/saturday-night-live/cast/tim-meadows-15291",25
cheri oteri,"/saturday-night-live/cast/cheri-oteri-15441",21
cheri oteri,"/saturday-night-live/cast/cheri-oteri-15441",22
cheri oteri,"/saturday-night-live/cast/cheri-oteri-15441",23
cheri oteri,"/saturday-night-live/cast/cheri-oteri-15441",24
cheri oteri,"/saturday-night-live/cast/cheri-oteri-15441",25
nasim pedrad,"/saturday-night-live/cast/nasim-pedrad-15136",35
nasim pedrad,"/saturday-night-live/cast/nasim-pedrad-15136",36
nasim pedrad,"/saturday-night-live/cast/nasim-pedrad-15136",37
nasim pedrad,"/saturday-night-live/cast/nasim-pedrad-15136",38
nasim pedrad,"/saturday-night-live/cast/nasim-pedrad-15136",39
taran killam,"/saturday-night-live/cast/taran-killam-15346",36
taran killam,"/saturday-night-live/cast/taran-killam-15346",37
taran killam,"/saturday-night-live/cast/taran-killam-15346",38
taran killam,"/saturday-night-live/cast/taran-killam-15346",39
taran killam,"/saturday-night-live/cast/taran-killam-15346",40
jan hooks,"/saturday-night-live/cast/jan-hooks-14766",12
jan hooks,"/saturday-night-live/cast/jan-hooks-14766",13
jan hooks,"/saturday-night-live/cast/jan-hooks-14766",14
jan hooks,"/saturday-night-live/cast/jan-hooks-14766",15
jan hooks,"/saturday-night-live/cast/jan-hooks-14766",16
abby elliott,"/saturday-night-live/cast/abby-elliott-14681",34
abby elliott,"/saturday-night-live/cast/abby-elliott-14681",35
abby elliott,"/saturday-night-live/cast/abby-elliott-14681",36
abby elliott,"/saturday-night-live/cast/abby-elliott-14681",37
nora dunn,"/saturday-night-live/cast/nora-dunn-15171",11
nora dunn,"/saturday-night-live/cast/nora-dunn-15171",12
nora dunn,"/saturday-night-live/cast/nora-dunn-15171",13
nora dunn,"/saturday-night-live/cast/nora-dunn-15171",14
nora dunn,"/saturday-night-live/cast/nora-dunn-15171",15
damon wayans,"/saturday-night-live/cast/damon-wayans-14836",11
brad hall,"/saturday-night-live/cast/brad-hall-15356",8
brad hall,"/saturday-night-live/cast/brad-hall-15356",9
rich hall,"/saturday-night-live/cast/rich-hall-15461",10
emily prager,"/saturday-night-live/cast/emily-prager-15081",6
kyle mooney,"/saturday-night-live/cast/kyle-mooney-14701",39
kyle mooney,"/saturday-night-live/cast/kyle-mooney-14701",40
sasheer zamata,"/saturday-night-live/cast/sasheer-zamata-15421",39
sasheer zamata,"/saturday-night-live/cast/sasheer-zamata-15421",40
colin jost,"/saturday-night-live/cast/colin-jost-14796",39
colin jost,"/saturday-night-live/cast/colin-jost-14796",40
kristen wiig,"/saturday-night-live/cast/kristen-wiig-14671",31
kristen wiig,"/saturday-night-live/cast/kristen-wiig-14671",32
kristen wiig,"/saturday-night-live/cast/kristen-wiig-14671",33
kristen wiig,"/saturday-night-live/cast/kristen-wiig-14671",34
kristen wiig,"/saturday-night-live/cast/kristen-wiig-14671",35
kristen wiig,"/saturday-night-live/cast/kristen-wiig-14671",36
kristen wiig,"/saturday-night-live/cast/kristen-wiig-14671",37
noel wells,"/saturday-night-live/cast/noel-wells-15156",39
garrett morris,"/saturday-night-live/cast/garrett-morris-15131",1
garrett morris,"/saturday-night-live/cast/garrett-morris-15131",2
garrett morris,"/saturday-night-live/cast/garrett-morris-15131",3
garrett morris,"/saturday-night-live/cast/garrett-morris-15131",4
garrett morris,"/saturday-night-live/cast/garrett-morris-15131",5
dean edwards,"/saturday-night-live/cast/dean-edwards-14981",27
dean edwards,"/saturday-night-live/cast/dean-edwards-14981",28
leslie jones,"/saturday-night-live/cast/leslie-jones-15496",40
tina fey,"/saturday-night-live/cast/tina-fey-15266",26
tina fey,"/saturday-night-live/cast/tina-fey-15266",27
tina fey,"/saturday-night-live/cast/tina-fey-15266",28
tina fey,"/saturday-night-live/cast/tina-fey-15266",29
tina fey,"/saturday-night-live/cast/tina-fey-15266",30
tina fey,"/saturday-night-live/cast/tina-fey-15266",31
mark mckinney,"/saturday-night-live/cast/mark-mckinney-14786",20
mark mckinney,"/saturday-night-live/cast/mark-mckinney-14786",21
mark mckinney,"/saturday-night-live/cast/mark-mckinney-14786",22
don novello,"/saturday-night-live/cast/don-novello-15041",5
don novello,"/saturday-night-live/cast/don-novello-15041",11
bill murray,"/saturday-night-live/cast/bill-murray-15256",2
bill murray,"/saturday-night-live/cast/bill-murray-15256",3
bill murray,"/saturday-night-live/cast/bill-murray-15256",4
bill murray,"/saturday-night-live/cast/bill-murray-15256",5
tony rosato,"/saturday-night-live/cast/tony-rosato-15211",6
tony rosato,"/saturday-night-live/cast/tony-rosato-15211",7
a whitney brown,"/saturday-night-live/cast/a-whitney-brown-14666",11
a whitney brown,"/saturday-night-live/cast/a-whitney-brown-14666",12
a whitney brown,"/saturday-night-live/cast/a-whitney-brown-14666",13
a whitney brown,"/saturday-night-live/cast/a-whitney-brown-14666",14
a whitney brown,"/saturday-night-live/cast/a-whitney-brown-14666",15
a whitney brown,"/saturday-night-live/cast/a-whitney-brown-14666",16
robin duke,"/saturday-night-live/cast/robin-duke-15341",6
robin duke,"/saturday-night-live/cast/robin-duke-15341",7
robin duke,"/saturday-night-live/cast/robin-duke-15341",8
robin duke,"/saturday-night-live/cast/robin-duke-15341",9
mary gross,"/saturday-night-live/cast/mary-gross-14831",7
mary gross,"/saturday-night-live/cast/mary-gross-14831",8
mary gross,"/saturday-night-live/cast/mary-gross-14831",9
mary gross,"/saturday-night-live/cast/mary-gross-14831",10
charles rocket,"/saturday-night-live/cast/charles-rocket-15436",6
ana gasteyer,"/saturday-night-live/cast/ana-gasteyer-14926",22
ana gasteyer,"/saturday-night-live/cast/ana-gasteyer-14926",23
ana gasteyer,"/saturday-night-live/cast/ana-gasteyer-14926",24
ana gasteyer,"/saturday-night-live/cast/ana-gasteyer-14926",25
ana gasteyer,"/saturday-night-live/cast/ana-gasteyer-14926",26
ana gasteyer,"/saturday-night-live/cast/ana-gasteyer-14926",27
laura kightlinger,"/saturday-night-live/cast/laura-kightlinger-14731",20
cecily strong,"/saturday-night-live/cast/cecily-strong-15431",38
cecily strong,"/saturday-night-live/cast/cecily-strong-15431",39
cecily strong,"/saturday-night-live/cast/cecily-strong-15431",40
chevy chase,"/saturday-night-live/cast/chevy-chase-15446",1
chevy chase,"/saturday-night-live/cast/chevy-chase-15446",2
jim downey,"/saturday-night-live/cast/jim-downey-14911",5
aidy bryant,"/saturday-night-live/cast/aidy-bryant-14761",38
aidy bryant,"/saturday-night-live/cast/aidy-bryant-14761",39
aidy bryant,"/saturday-night-live/cast/aidy-bryant-14761",40
denny dillon,"/saturday-night-live/cast/denny-dillon-15061",6
mike obrien,"/saturday-night-live/cast/mike-obrien-15026",39
jim breuer,"/saturday-night-live/cast/jim-breuer-14901",21
jim breuer,"/saturday-night-live/cast/jim-breuer-14901",22
jim breuer,"/saturday-night-live/cast/jim-breuer-14901",23
